<OutOfBrowserSettings ShortName="Hello Screens" EnableGPUAcceleration="True" ShowInstallMenuItem="True">
  <OutOfBrowserSettings.Blurb>A simple "Billy Hollis" style shell built with Caliburn.Micro's Screens and Conductors.</OutOfBrowserSettings.Blurb>
  <OutOfBrowserSettings.WindowSettings>
    <WindowSettings Title="Hello Screens" Height="768" Width="1024" />
  </OutOfBrowserSettings.WindowSettings>
  <OutOfBrowserSettings.SecuritySettings>
    <SecuritySettings ElevatedPermissions="Required" />
  </OutOfBrowserSettings.SecuritySettings>
  <OutOfBrowserSettings.Icons />
</OutOfBrowserSettings>